[
  {
    "id": "5acb35c790c30b479a55f88e",
    "index": 0,
    "requestType": "New Organization",
    "requestor": "Goldberg",
    "contact": "Jennifer Rosario",
    "gender": "female",
    "company": "XIXAN",
    "email": "jenniferrosario@xixan.com",
    "mobile": "9111111111",
    "notes": "",
    "status": "New",
    "date": "2014-04-23T01:44:32",
    "quota": 30417,
    "quotaRequested": 50000
  },
  {
    "id": "5acb35c73a5dd5dfff3ae8e3",
    "index": 1,
    "requestType": "New Quota",
    "requestor": "something",
    "contact": "Steele Barr",
    "gender": "male",
    "company": "OBLIQ",
    "email": "steelebarr@obliq.com",
    "mobile": "9111111112",
    "notes": "",
    "status": "New",
    "date": "2016-07-24T07:26:02",
    "quota": 32726,
    "quotaRequested": 25000
  },
  {
    "id": "5acb35c7ca44043df753db3a",
    "index": 2,
    "requestType": "Quota Transfer",
    "requestor": "saksham",
    "contact": "Concepcion Bond",
    "gender": "female",
    "company": "ZOLARITY",
    "email": "concepcionbond@zolarity.com",
    "mobile": "9111111113",
    "notes": "To Harry Potter",
    "status": "Approved",
    "date": "2015-07-30T10:11:40",
    "quota": 1009,
    "quotaRequested": 50000
  },
  {
    "id": "5acb35c7886d29a492db2dd8",
    "index": 3,
    "requestType": "New Organization",
    "requestor": "harry potter",
    "contact": "Della Stewart",
    "gender": "female",
    "company": "EXOSPEED",
    "email": "dellastewart@exospeed.com",
    "mobile": "9111111114",
    "notes": "",
    "status": "Rejected",
    "date": "2015-10-25T09:15:25",
    "quota": 19787,
    "quotaRequested": 25000
  }
]