[ "Amsterdam",
  "London",
  "Paris",
  "Washington",
  "New York",
  "Los Angeles",
  "Sydney",
  "Melbourne",
  "Canberra",
  "Beijing",
  "New Delhi",
  "Kathmandu",
  "Cairo",
  "Cape Town",
  "Kinshasa"
]


 "$error": {
    "required": [
      {
        "$error": {
          "required": [
            {
              "$validators": {},
              "$asyncValidators": {},
              "$parsers": [],
              "$formatters": [
                null
              ],
              "$viewChangeListeners": [],
              "$untouched": true,
              "$touched": false,
              "$pristine": true,
              "$dirty": false,
              "$valid": false,
              "$invalid": true,
              "$error": {
                "required": true
              },
              "$name": "name",
              "$options": null
            },
            {
              "$validators": {},
              "$asyncValidators": {},
              "$parsers": [],
              "$formatters": [
                null
              ],
              "$viewChangeListeners": [],
              "$untouched": true,
              "$touched": false,
              "$pristine": true,
              "$dirty": false,
              "$valid": false,
              "$invalid": true,
              "$error": {
                "required": true
              },
              "$name": "page",
              "$options": null
            }
          ]
        },
        "$name": "form1",
        "$dirty": false,
        "$pristine": true,
        "$valid": false,
        "$invalid": true,
        "$submitted": false,
        "name": {
          "$validators": {},
          "$asyncValidators": {},
          "$parsers": [],
          "$formatters": [
            null
          ],
          "$viewChangeListeners": [],
          "$untouched": true,
          "$touched": false,
          "$pristine": true,
          "$dirty": false,
          "$valid": false,
          "$invalid": true,
          "$error": {
            "required": true
          },
          "$name": "name",
          "$options": null
        },
        "page": {
          "$validators": {},
          "$asyncValidators": {},
          "$parsers": [],
          "$formatters": [
            null
          ],
          "$viewChangeListeners": [],
          "$untouched": true,
          "$touched": false,
          "$pristine": true,
          "$dirty": false,
          "$valid": false,
          "$invalid": true,
          "$error": {
            "required": true
          },
          "$name": "page",
          "$options": null
        }
      }
    ]
  },
  "$name": "vm.projectForm",
  "$dirty": false,
  "$pristine": true,
  "$valid": false,
  "$invalid": true,
  "$submitted": false,
  "form1": {
    "$error": {
      "required": [
        {
          "$validators": {},
          "$asyncValidators": {},
          "$parsers": [],
          "$formatters": [
            null
          ],
          "$viewChangeListeners": [],
          "$untouched": true,
          "$touched": false,
          "$pristine": true,
          "$dirty": false,
          "$valid": false,
          "$invalid": true,
          "$error": {
            "required": true
          },
          "$name": "name",
          "$options": null
        },
        {
          "$validators": {},
          "$asyncValidators": {},
          "$parsers": [],
          "$formatters": [
            null
          ],
          "$viewChangeListeners": [],
          "$untouched": true,
          "$touched": false,
          "$pristine": true,
          "$dirty": false,
          "$valid": false,
          "$invalid": true,
          "$error": {
            "required": true
          },
          "$name": "page",
          "$options": null
        }
      ]
    },
    "$name": "form1",
    "$dirty": false,
    "$pristine": true,
    "$valid": false,
    "$invalid": true,
    "$submitted": false,
    "name": {
      "$validators": {},
      "$asyncValidators": {},
      "$parsers": [],
      "$formatters": [
        null
      ],
      "$viewChangeListeners": [],
      "$untouched": true,
      "$touched": false,
      "$pristine": true,
      "$dirty": false,
      "$valid": false,
      "$invalid": true,
      "$error": {
        "required": true
      },
      "$name": "name",
      "$options": null
    },
    "page": {
      "$validators": {},
      "$asyncValidators": {},
      "$parsers": [],
      "$formatters": [
        null
      ],
      "$viewChangeListeners": [],
      "$untouched": true,
      "$touched": false,
      "$pristine": true,
      "$dirty": false,
      "$valid": false,
      "$invalid": true,
      "$error": {
        "required": true
      },
      "$name": "page",
      "$options": null
    }
  }
}