[
  {
    "id": "5acb35c790c30b479a55f88e",
    "index": 0,
    "changes": "+100000",
    "user": "Jennifer Rosario",
    "gender": "female",
    "organization": "self",
    "email": "jenniferrosario@xixan.com",
    "mobile": "9111111111",
    "address": "797 Delmonico Place, Sattley, Florida, 2091",
    "plan": "Basic",
    "date": "2014-04-23T01:44:32",
    "expiry": "2019-01-23T01:44:32",
    "quota": 13245,
    "actions": "Quota transfered"
  },
  {
    "id": "5acb35c73a5dd5dfff3ae8e3",
    "index": 1,
    "changes": "-20000",
    "user": "Steele Barr",
    "gender": "male",
    "organization": "OBLIQ",
    "email": "steelebarr@obliq.com",
    "mobile": "9111111112",
    "address": "161 Poplar Street, Churchill, Northern Mariana Islands, 7085",
    "plan": "Intermediate",
    "date": "2016-07-24T07:26:02",
    "expiry": "2019-02-23T01:44:32",
    "quota": 21312,
    "actions": "Quota increased"
  },
  {
    "id": "5acb35c7ca44043df753db3a",
    "index": 2,
    "changes": "+50000",
    "user": "Concepcion Bond",
    "gender": "female",
    "organization": "ZOLARITY",
    "email": "concepcionbond@zolarity.com",
    "mobile": "9111111113",
    "address": "342 Brooklyn Avenue, Brule, Federated States Of Micronesia, 6400",
    "plan": "Advance",
    "date": "2015-07-30T10:11:40",
    "expiry": "2019-03-23T01:44:32",
    "quota": 1009,
    "actions": "Quota transfered"
  },
  {
    "id": "5acb35c7886d29a492db2dd8",
    "index": 3,
    "changes": "-20000",
    "user": "Della Stewart",
    "gender": "female",
    "organization": "self",
    "email": "dellastewart@exospeed.com",
    "mobile": "9111111114",
    "address": "693 Allen Avenue, Warsaw, Massachusetts, 4573",
    "plan": "Basic",
    "date": "2015-10-25T09:15:25",
    "expiry": "2019-04-23T01:44:32",
    "quota": 19787,
    "actions": "Quota increased"
  }
]