[
  {
    "id": "5acb35c790c30b479a55f88e",
    "index": 0,
    "isActive": true,
    "name": "reseller 1",
    "contact": "Jennifer Rosario",
    "gender": "female",
    "company": "XIXAN",
    "email": "jenniferrosario@xixan.com",
    "mobile": "9111111111",
    "address": "797 Delmonico Place, Sattley, Florida, 2091",
    "plan": "Basic",
    "start": "2014-04-23T01:44:32",
    "expiry": "2015-06-26T11:34:00",
    "quota": 30417,
    "quotaConsumed": 29617
  },
  {
    "id": "5acb35c73a5dd5dfff3ae8e3",
    "index": 1,
    "isActive": false,
    "name": "something",
    "contact": "Steele Barr",
    "gender": "male",
    "company": "OBLIQ",
    "email": "steelebarr@obliq.com",
    "mobile": "9111111112",
    "address": "161 Poplar Street, Churchill, Northern Mariana Islands, 7085",
    "plan": "Intermediate",
    "start": "2016-07-24T07:26:02",
    "expiry": "2017-02-11T08:46:03",
    "quota": 32726,
    "quotaConsumed": 31926
  },
  {
    "id": "5acb35c7ca44043df753db3a",
    "index": 2,
    "isActive": false,
    "name": "saksham",
    "contact": "Concepcion Bond",
    "gender": "female",
    "company": "ZOLARITY",
    "email": "concepcionbond@zolarity.com",
    "mobile": "9111111113",
    "address": "342 Brooklyn Avenue, Brule, Federated States Of Micronesia, 6400",
    "plan": "Advance",
    "start": "2015-07-30T10:11:40",
    "expiry": "2017-01-29T02:35:26",
    "quota": 1009,
    "quotaConsumed": 209
  },
  {
    "id": "5acb35c7886d29a492db2dd8",
    "index": 3,
    "isActive": false,
    "name": "harry potter",
    "contact": "Della Stewart",
    "gender": "female",
    "company": "EXOSPEED",
    "email": "dellastewart@exospeed.com",
    "mobile": "9111111114",
    "address": "693 Allen Avenue, Warsaw, Massachusetts, 4573",
    "plan": "Basic",
    "start": "2015-10-25T09:15:25",
    "expiry": "2017-02-19T05:51:58",
    "quota": 19787,
    "quotaConsumed": 18987
  }
]