[{
    "id": "5acb35c73a5dd5dfff3ae8e6",
    "projectName": "Harry potter",
    "subProject":"harry_potter-p-1-10.pdf",
    "wordFile":"harry_potter-p-1-10.docx",
    "url": "http://www.abc.com/abc.pdf",
    "assigned": {
        "name": "-",
        "bio": ""
    },
    "name": "abc.pdf",
    "status": "Complete",
    "date": "2015-12-21T11:34:00",
    "no_of_words": 12340
},
{
    "id": "5acb35c73a5dd5dfff3ae8e7",
    "projectName": "Lord of Rings",
    "url": "http://www.abc.com/abc-1.pdf",
    "subProject":"lord_of_rings-p-1-10.pdf",
    "wordFile":"lord_of_rings-p-1-10.docx",
    "assigned": {
        "name": "Rajan",
        "bio": "proof Reader"
    },
    "name": "abc-1.pdf",
    "status": "Complete",
    "date": "2016-08-22T11:34:00",
    "no_of_words": 14355
},
{
    "id": "5acb35c73a5dd5dfff3ae8e8",
    "projectName": "Tale of two cities",
    "url": "http://www.abc.com/abc-2.docx",
    "subProject":"tale_of_two_cities-p-1-10.pdf",
    "wordFile":"tale_of_two_cities-p-1-10.docx",
    "assigned": {
        "name": "Manish",
        "bio": "proof Reader"
    },
    "name": "abc-2.docx",
    "status": "In Progress",
    "date": "2016-011-11T11:34:00",
    "no_of_words": 4200
},
{
    "id": "5acb35c73a5dd5dfff3ae8e9",
    "projectName": "Tale of two cities",
    "url": "http://www.abc.com/abc-3.docx",
    "subProject":"tale_of_two_cities-p-10-20",
    "wordFile":"",
    "assigned": {
        "name": "Parminder",
        "bio": "proof Reader"
    },
    "name": "abc-3.docx",
    "status": "New",
    "date": "2017-08-21T11:34:00",
    "no_of_words": 9211
}

]
