{
    "id": "5acb35c73a5dd5dfff3ae9e6",
    "subProjects": [{
            "id": "5acb35c73a5dd5dfff3ae8e6",
            "url": "http://www.abc.com/abc.pdf",
            "assigned": {
                "name": "-",
                "bio": ""
            },
            "name": "abc.pdf",
            "status": "Complete",
            "date": "2015-12-21T11:34:00"
        },
        {
            "id": "5acb35c73a5dd5dfff3ae8e7",
            "url": "http://www.abc.com/abc-1.pdf",
            "assigned": {
                "name": "Rajan",
                "bio": "proof Reader"
            },
            "name": "abc-1.pdf",
            "status": "Complete",
            "date": "2016-08-22T11:34:00"
        },
        {
            "id": "5acb35c73a5dd5dfff3ae8e8",
            "url": "http://www.abc.com/abc-2.docx",
            "assigned": {
                "name": "Manish",
                "bio": "proof Reader"
            },
            "name": "abc-2.docx",
            "status": "In Progress",
            "date": "2016-011-11T11:34:00"
        },
        {
            "id": "5acb35c73a5dd5dfff3ae8e9",
            "url": "http://www.abc.com/abc-3.docx",
            "assigned": {
                "name": "Parminder",
                "bio": "proof Reader"
            },
            "name": "abc-3.docx",
            "status": "Not Started",
            "date": "2017-08-21T11:34:00"
        }

    ]
}